Workbook

Sheet Sheet1
A1: ID | B1: Đời | C1: Đinh | D1: Họ và tên | E1: Năm sinh | F1: Năm mất | G1: Thông tin chi tiết | H1: Kỵ nhật | I1: Táng | J1: ID cha | K1: ID me | L1: ID chồng | M1: Khu vực | N1: Tọa X | O1: Tọa Y
A2: 10001 | B2: 1 | C2: x | D2: Dương Chính Mạnh | E2: ? | F2: ? | G2: Thủy tổ họ Dương, Quốc Oai | H2: ? | I2: Cửa Trại | M2: Trại
A3: 10001v1 | B3: 1 | D3: Cụ tổ bà đời 1 | L3: 10001
A4: 20001 | B4: 2 | C4: x | D4: Dương Chính Nghĩa | E4: ? | F4: ? | G4: Hiệu Phúc Hậu | H4: ? | I4: ? | J4: 10001 | M4: Trại
A5: 20001v1 | B5: 2 | D5: Cụ tổ bà đời 2 | L5: 20001
A6: 30001 | B6: 3 | C6: x | D6: Dương Đức Hậu | E6: ? | F6: ? | H6: ? | I6: ? | J6: 20001 | M6: Trại
A7: 30001v1 | B7: 3 | D7: Cụ tổ bà đời 3 | L7: 30001
A8: 40001 | B8: 4 | C8: x | D8: Dương Phúc Hiền | E8: ? | F8: ? | G8: Sinh 4 nam, 1 nữ | H8: ? | I8: ? | J8: 30001 | M8: Trại
A9: 40001v1 | B9: 4 | D9: Cụ tổ bà đời 4 | L9: 40001
A10: 50001 | B10: 5 | C10: x | D10: Dương Phúc Năng (N1) | E10: 1 | F10: ? | G10: Khởi tổ Ngành 1 | H10: 09/01 | J10: 40001 | M10: Cầu Cây Bàng
A11: 50001v1 | B11: 5 | D11: Cụ tổ bà đời 1 - Ngành 1 | L11: 50001
A12: 50002 | B12: 5 | C12: x | D12: Dương Phúc Thịnh (N2) | E12: 2 | F12: ? | G12: Khởi tổ Ngành 2 | H12: ? | I12: ? | J12: 40001 | M12: Khác
A13: 50002v1 | B13: 5 | D13: Cụ tổ bà đời 1 - Ngành 2 | L13: 50002
A14: 50003 | B14: 5 | C14: x | D14: Dương Vĩnh Trí (N3) | E14: 3 | F14: ? | G14: Khởi tổ Ngành 3 Hiệu Phúc Minh | H14: 16/01 | I14: ? | J14: 40001 | M14: Khác
A15: 50004 | B15: 5 | C15: x | D15: Dương Tảo Đạt | E15: 4 | F15: ? | G15: Tổ cậu | H15: 15/05 | I15: Đồng Cốc | J15: 40001 | M15: Vũng
A16: 40001g1 | B16: 5 | D16: Dương Thị Xuân Dung | E16: ? | F16: ? | G16: Cô tổ. Xuân Dung công chúa. Ông Chính thờ tự | H16: 11/11 | I16: Đồng Cốc | J16: 40001 | M16: Vũng
A17: 50003v1 | B17: 5 | D17: Đỗ Thị Từ Tại | G17: Hiệu Từ Tại | H17: 21/11 | L17: 50003 | M17: Khác
A18: 60005 | B18: 6 | C18: x | D18: Ngành 1 | J18: 50001 | M18: Khác
A19: 60006 | B19: 6 | C19: x | D19: Ngành 2 | J19: 50002 | M19: Khác
A20: 60001 | B20: 6 | C20: x | D20: Dương Tiến Tài | E20: 1 | F20: ? | G20: Tòng thượng | H20: ? | I20: ? | J20: 50003 | K20: 50003v1 | M20: Khác
A21: 60001v1 | B21: 6 | D21: Chưa rõ | L21: 60001
A22: 60002 | B22: 6 | C22: x | D22: Dương Pháp Cảnh | E22: 2 | F22: ? | H22: 18/10 | I22: ? | J22: 50003 | K22: 50003v1 | M22: Khác
A23: 60003 | B23: 6 | C23: x | D23: Dương Tiến Bàng | E23: 3 | F23: ? | G23: Hiệu Phúc Kiêm | H23: 04/12 | I23: ? | J23: 50003 | K23: 50003v1 | M23: Khác
A24: 60004 | B24: 6 | C24: x | D24: Dương Tiến Đạo | E24: 4 | F24: ? | I24: ? | J24: 50003 | K24: 50003v1 | M24: Khác
A25: 60004v1 | B25: 6 | D25: Chưa rõ | L25: 60004
A26: 60002v1 | B26: 6 | D26: Hiệu Từ Tuyên | E26: ? | F26: ? | G26: Hiệu Từ Tuyên | H26: 27/02 | I26: ? | L26: 60002 | M26: Khác
A27: 60003v1 | B27: 6 | D27: Nguyễn Thị Từ Tâm | E27: ? | F27: ? | G27: Hiệu Từ Tâm | H27: 08/12 | I27: ? | L27: 60003 | M27: Khác
A28: 70001 | B28: 7 | C28: x | D28: Dương Pháp Quý | E28: ? | F28: ? | H28: ? | I28: ? | J28: 60002 | K28: 60002v1 | M28: Khác
A29: 70002 | B29: 7 | C29: x | D29: Dương Tiến Hiền | E29: 1 | F29: ? | G29: Hiệu Phúc Tăng | H29: 27/10 | I29: Cầu Cây Bàng | J29: 60003 | K29: 60003v1 | M29: Cầu Cây Bàng
A30: 70003 | B30: 7 | C30: x | D30: Dương Tiến Thiện (P4N3) | E30: 2 | F30: ? | G30: Hiệu Phúc Dung | H30: 10/05 | I30: ? | J30: 60003 | K30: 60003v1 | M30: Khác
A31: 70001v1 | B31: 7 | D31: Nguyễn Thị Diệu Minh | E31: ? | F31: ? | G31: Hiệu Diệu Minh | H31: 18/03 | I31: ? | L31: 70001 | M31: Khác
A32: 70002v1 | B32: 7 | D32: Nguyễn Thị Quý | E32: ? | F32: ? | G32: Hiệu Từ Thuận | H32: ? | I32: ? | L32: 70002 | M32: Khác
A33: 70003v1 | B33: 7 | D33: Nguyễn Thị Từ Chất | E33: ? | F33: ? | I33: ? | L33: 70003 | M33: Khác
A34: 80002 | B34: 8 | C34: x | D34: Dương Huệ Phương (P1N3) | E34: ? | F34: ? | G34: Hiệu Hiền Lộc | H34: 08/01 | I34: ? | J34: 70001 | K34: 70001v1 | M34: Khác
A35: 80001 | B35: 8 | C35: x | D35: Dương Thuần Dụng | E35: 2 | F35: ? | G35: Hiệu Đôn Mẫn. Cụ tổ Phái 3 - Ngành 3 - Ông Chính thờ phụng | H35: 01/03 | I35: Bồ Cóc | J35: 70002 | K35: 70002v1 | M35: Bồ Cóc
A36: 80003 | B36: 8 | C36: x | D36: Dương Công Trạc (P2N3) | E36: 1 | F36: ? | G36: Hiệu Đông Thực | H36: 02/11 | I36: ? | J36: 70002 | K36: 70002v1 | M36: Khác
A37: 80004 | B37: 8 | C37: x | D37: Phái 4 ngành 3 (tiểu phái) | J37: 70003 | K37: 70003v1 | M37: Khác
A38: 80001v1 | B38: 8 | D38: Nguyễn Thị Trù | E38: ? | F38: ? | G38: Hiệu Từ Đức | H38: ? | I38: Cửa Trại | L38: 80001 | M38: Trại
A39: 80002v1 | B39: 8 | D39: Nguyễn Thị Từ Sơn | E39: ? | F39: ? | G39: Hiệu Từ Sơn | H39: 05/03 | I39: ? | L39: 80002 | M39: Khác
A40: 80003v1 | B40: 8 | D40: Nguyễn Thị Từ Ninh | E40: ? | F40: ? | G40: Hiệu Từ Ninh | H40: 08/12 | I40: ? | L40: 80003 | M40: Khác
A41: 90001 | B41: 9 | C41: x | D41: Dương Trọng Châu | E41: ? | F41: ? | G41: Hiệu Phúc Bảo - Niên hiệu Cảnh Hưng sức thụ Bách Hộ | H41: 05/05 | I41: Khánh Tân | J41: 80001 | K41: 80001v1 | M41: Vũng
A42: 90002 | B42: 9 | C42: x | D42: Phái 1 ngành 3 | E42: ? | F42: ? | H42: ? | I42: ? | J42: 80002 | K42: 80002v1 | M42: Khác
A43: 90003 | B43: 9 | C43: x | D43: Phái 2 ngành 3 | J43: 80003 | K43: 80003v1 | M43: Khác
A44: 90001v1 | B44: 9 | D44: Nguyễn Thị Anh | E44: ? | F44: ? | G44: Hiệu Diệu Vinh | H44: 07/06 | I44: Cầu Cây Bàng | L44: 90001 | M44: Cầu Cây Bàng
A45: 100001 | B45: 10 | C45: x | D45: Dương Trọng Hoành | E45: ? | F45: ? | G45: Hiệu Phúc Nhã | H45: 19/03 | I45: Cầu Cây Bàng | J45: 90001 | K45: 90001v1 | M45: Cầu Cây Bàng
A46: 100002 | B46: 10 | C46: x | D46: Dương Trọng Hoàn | E46: ? | F46: ? | H46: 01/04 | I46: ? | J46: 90001 | K46: 90001v1 | M46: Khác
A47: 100003 | B47: 10 | C47: x | D47: Dương Trọng Đạt | E47: ? | F47: ? | G47: Hiệu Pháp Thông | H47: 25/10 | I47: ? | J47: 90001 | K47: 90001v1 | M47: Khác
A48: 100001v1 | B48: 10 | D48: Nguyễn Thị Quý | E48: ? | F48: ? | G48: Hiệu Từ Khang | H48: 24/04 | I48: Cầu Cây Bàng | L48: 100001 | M48: Cầu Cây Bàng
A49: 100002v1 | B49: 10 | D49: Nguyễn Thị ? | E49: ? | F49: ? | G49: Hiệu Thanh Xuân | H49: 07/02 | I49: ? | L49: 100002 | M49: Khác
A50: 100002v2 | B50: 10 | D50: Nguyễn Thị ? | E50: ? | F50: ? | G50: Hiệu Thiên Trường | H50: 07/04 | I50: ? | L50: 100002 | M50: Khác
A51: 100003v1 | B51: 10 | D51: Nguyễn Thị Nhất | E51: ? | F51: ? | G51: Hiệu Mỹ Hòa | H51: 16/12 | I51: ? | L51: 100003 | M51: Khác
A52: 110001 | B52: 11 | C52: x | D52: Dương Trọng Đỉnh | E52: ? | F52: ? | G52: Hiệu Phúc Bình | H52: 27/08 | I52: Cầu Cây Bàng | J52: 100001 | K52: 100001v1 | M52: Cầu Cây Bàng
A53: 110002 | B53: 11 | C53: x | D53: Dương Thuần Lương | E53: ? | F53: ? | G53: ? | H53: ? | I53: ? | J53: 100001 | K53: 100001v1 | M53: Khác
A54: 110002v1 | B54: 11 | D54: Chưa rõ | L54: 110002
A55: 110003 | B55: 11 | C55: x | D55: Dương Danh Tuy | E55: ? | F55: ? | G55: ? | H55: 03/12 | I55: ? | J55: 100001 | K55: 100001v1 | M55: Khác
A56: 110004 | B56: 11 | C56: x | D56: Dương Trọng Nghiêm | E56: ? | F56: ? | G56: Hiệu Trực Thảo | H56: 16/09 | I56: ? | J56: 100002 | K56: 100002v2 | M56: Khác
A57: 110004v1 | B57: 11 | D57: Chưa rõ | L57: 110004
A58: 110005 | B58: 11 | C58: x | D58: Dương Trọng Phong | E58: ? | F58: ? | I58: ? | J58: 100002 | K58: 100002v2 | M58: Khác
A59: 110005v1 | B59: 11 | D59: Chưa rõ | L59: 110005
A60: 110006 | B60: 11 | C60: x | D60: Dương Danh Phương | E60: ? | F60: ? | G60: Chưa rõ cụ nào sinh ra???, có trùng với cụ Trọng Phong không? Hiệu Chất Thực | H60: 02/05 | I60: ? | J60: 100002 | K60: 100002v2 | M60: Khác
A61: 110007 | B61: 11 | C61: x | D61: Dương Trọng Tiến | E61: ? | F61: ? | G61: Hiệu Thuần Huy | H61: 25/10 | I61: ? | J61: 100003 | K61: 100003v1 | M61: Khác
A62: 110007 | B62: 11 | D62: Chưa rõ | L62: 110007
A63: 110008 | B63: 11 | C63: x | D63: Dương Trọng Tạo | E63: ? | F63: ? | G63: Hiệu Phúc Nhàn | H63: 07/03 | I63: ? | J63: 100003 | K63: 100003v1 | M63: Khác
A64: 110001v1 | B64: 11 | D64: Nguyễn Thị Diệu | E64: ? | F64: ? | G64: Hiệu Từ Vinh | H64: 23/04 | I64: Biếu | L64: 110001 | M64: Trại
A65: 110001v2 | B65: 11 | D65: Nguyễn Thị Chẩn | E65: ? | F65: ? | G65: Hiệu Mỹ Hoa | H65: 07/03 | I65: Cầu Cây Bàng | L65: 110001 | M65: Cầu Cây Bàng
A66: 110003v1 | B66: 11 | D66: Nguyễn Thị Năm | E66: ? | F66: ? | G66: Hiệu Thục Chất - Ông Dương Danh Hồi thờ tự | H66: 27/10 | I66: ? | L66: 110003 | M66: Khác
A67: 110006v1 | B67: 11 | D67: Nguyễn Thị Thận | E67: ? | F67: ? | G67: Hiệu Mỹ Thịnh | H67: ? | I67: ? | L67: 110006 | M67: Khác
A68: 110006v2 | B68: 11 | D68: Nguyễn Thị Lân | E68: ? | F68: ? | G68: Hiệu Từ Nghi | H68: 24/06 | I68: ? | L68: 110006 | M68: Khác
A69: 110008v1 | B69: 11 | D69: Nguyễn Thị Vòng | E69: ? | F69: ? | G69: Hiệu Hiền Chính | H69: 25/05 | I69: ? | L69: 110008 | M69: Khác
A70: 110008v2 | B70: 11 | D70: Nguyễn Thị Thai | E70: ? | F70: ? | G70: Hiệu Mỹ Như | H70: 25/05 | I70: ? | L70: 110008 | M70: Khác
A71: 120001 | B71: 12 | C71: x | D71: Dương Trọng Thự | E71: ? | F71: ? | G71: Hiệu Phúc Trạch | H71: 20/10 | I71: Cửa Trại | J71: 110001 | K71: 110001v2 | M71: Trại
A72: 120002 | B72: 12 | C72: x | D72: Dương Trọng Khương | E72: ? | F72: ? | G72: Hiệu Phúc Cẩn - Ông Dương Danh Hồi thờ tự - Ông Dương Danh Mùi xin thờ cúng | H72: 03/08 | I72: Bồ Cóc | J72: 110001 | K72: 110001v2 | M72: Bồ Cóc
A73: 120003 | B73: 12 | C73: x | D73: Dương Trọng Trung | E73: ? | F73: ? | G73: Hiệu Thuận An | H73: 03/09 | I73: ? | J73: 110006 | K73: 110006v1 | M73: Khác
A74: 120003v1 | B74: 12 | D74: Chưa rõ | L74: 120003
A75: 120004 | B75: 12 | C75: x | D75: Dương Danh Ức | E75: ? | F75: ? | G75: Hiệu Chu Văn Tiên Linh | H75: 18/12 | I75: ? | J75: 110006 | K75: 110006v2 | M75: Khác
A76: 120005 | B76: 12 | C76: x | D76: Dương Danh Tảo | E76: ? | F76: ? | G76: Hiệu Phúc Nga | H76: 18/02 | I76: ? | J76: 110006 | K76: 110006v2 | M76: Khác
A77: 120006 | B77: 12 | C77: x | D77: Dương Danh Vạn | E77: ? | F77: ? | G77: Hiệu Thuần An | I77: ? | J77: 110008 | K77: 110008v2 | M77: Khác
A78: 120006v1 | B78: 12 | D78: Chưa rõ | L78: 120006
A79: 120001v1 | B79: 12 | D79: Lý Thị Thản | E79: ? | F79: ? | G79: Hiệu Thục Hiền | H79: 21/03 | I79: ? | L79: 120001 | M79: Khác
A80: 120001v2 | B80: 12 | D80: Đào Thị Hai | E80: ? | F80: ? | G80: Hiệu Từ Thiện | H80: 06/11 | I80: Miếu | L80: 120001 | M80: Trại
A81: 120002v1 | B81: 12 | D81: Đào Thị Hai | E81: ? | F81: ? | G81: Hiệu Diệu Khai | H81: 11/06 | I81: Cầu Cây Bàng | L81: 120002 | M81: Cầu Cây Bàng
A82: 120004v1 | B82: 12 | D82: Nguyễn Thị ? | E82: ? | F82: ? | G82: Hiệu Thục Thanh | H82: 22/06 | I82: ? | L82: 120004 | M82: Khác
A83: 120005v1 | B83: 12 | D83: Nguyễn Thị Con | E83: ? | F83: ? | G83: Hiệu Thục Thuận | H83: 22/06 | I83: ? | L83: 120005 | M83: Khác
A84: 130001 | B84: 13 | C84: x | D84: Dương Danh Lang | E84: ? | F84: ? | G84: Hiệu Phúc Thọ (Tên trong gia phả là Dương Danh Lương) | H84: 19/10 | I84: ? | J84: 120001 | K84: 120001v1 | M84: Khác
A85: 130002 | B85: 13 | C85: x | D85: Dương Danh Bỉnh | E85: ? | F85: ? | G85: Hiệu Chính Ích - Cụ Dương Danh Mưu thờ tự | H85: ? | I85: ? | J85: 120001 | K85: 120001v2 | M85: Khác
A86: 130003 | B86: 13 | C86: x | D86: Dương Danh Dự | E86: ? | F86: ? | G86: Hiệu Phúc Toán | H86: 30/09 | I86: ? | J86: 120001 | K86: 120001v2 | M86: Bồ Cóc
A87: 130004 | B87: 13 | C87: x | D87: Dương Danh Nhung | E87: ? | F87: ? | G87: Hiệu Phúc Sâm | H87: 28/05 | I87: Biếu | J87: 120002 | K87: 120002v1 | M87: Trại
A88: 130005 | B88: 13 | C88: x | D88: Dương Danh Thục | E88: ? | F88: ? | G88: Hiệu Phúc Luyện - Ông Dương Danh Cát thờ tự | H88: 18/11 | I88: ? | J88: 120002 | K88: 120002v1 | M88: Khác
A89: 130006 | B89: 13 | C89: x | D89: Dương Danh Kỳ | E89: ? | F89: ? | G89: Hiệu Tảo Minh Nhụ Nhân Phủ Quân - Tảo hóa | H89: 17/06 | I89: Cầu Cây Bàng | J89: 120002 | K89: 120002v1 | M89: Cầu Cây Bàng
A90: 130007 | B90: 13 | C90: x | D90: Dương Danh Truật | E90: ? | F90: ? | G90: Hiệu Phúc Bản | H90: 17/06 | I90: Cầu Cây Bàng | J90: 120002 | K90: 120002v1 | M90: Cầu Cây Bàng
A91: 130008 | B91: 13 | C91: x | D91: Dương Danh Thảo | E91: ? | F91: ? | G91: Hiệu Thuần Nhã - Ông Dương Danh Cừ thờ tự | H91: 18/02 | I91: ? | J91: 120002 | K91: 120002v1 | M91: Khác
A92: 130009 | B92: 13 | C92: x | D92: Dương Tảo Huệ | E92: ? | F92: ? | I92: ? | J92: 120004 | K92: 120004v1 | M92: Khác
A93: 130009v1 | B93: 13 | D93: Chưa rõ | L93: 130009
A94: 130010 | B94: 13 | C94: x | D94: Dương Phán Cần | E94: ? | F94: ? | H94: ? | I94: ? | J94: 120005 | K94: 120005v1 | M94: Khác
A95: 130001v1 | B95: 13 | D95: Nguyễn Thị Nhớn | E95: ? | F95: ? | G95: Hiệu Từ Phác | H95: 06/01 | I95: Cầu Cây Bàng | L95: 130001 | M95: Cầu Cây Bàng
A96: 130002v1 | B96: 13 | D96: Nguyễn Thị Nhân | E96: ? | F96: ? | G96: Hiệu Từ Nhẫn | H96: 02/10 | I96: ? | L96: 130002 | M96: Khác
A97: 130002v2 | B97: 13 | D97: Phùng Thị Nhớn | E97: ? | F97: ? | G97: Hiệu Mỹ Cung | H97: 11/04 | I97: ? | L97: 130002 | M97: Khác
A98: 130003v1 | B98: 13 | D98: Nguyễn Thị ? | E98: ? | F98: ? | G98: ? | H98: ? | I98: ? | L98: 130003 | M98: Khác
A99: 130004v1 | B99: 13 | D99: Nguyễn Thị Nhữ | E99: ? | F99: ? | G99: Hiệu Từ Nhẫn | H99: 02/08 | I99: ? | L99: 130004 | M99: Khác
A100: 130004v2 | B100: 13 | D100: Nguyễn Thị Hai | E100: ? | F100: ? | G100: Hiệu Từ Thai | I100: ? | L100: 130004 | M100: Khác
...

Sheet Sheet3
A1: ID | B1: Đinh | C1: Đếm
A2: 10001 | B2: x | C2: =COUNTIF(Sheet1!L:L,Sheet3!A2) -> 1
A3: 20001 | B3: x | C3: =COUNTIF(Sheet1!L:L,Sheet3!A3) -> 1
A4: 30001 | B4: x | C4: =COUNTIF(Sheet1!L:L,Sheet3!A4) -> 1
A5: 40001 | B5: x | C5: =COUNTIF(Sheet1!L:L,Sheet3!A5) -> 1
A6: 50001 | B6: x | C6: =COUNTIF(Sheet1!L:L,Sheet3!A6) -> 1
A7: 50002 | B7: x | C7: =COUNTIF(Sheet1!L:L,Sheet3!A7) -> 1
A8: 50003 | B8: x | C8: =COUNTIF(Sheet1!L:L,Sheet3!A8) -> 1
A9: 50004 | B9: x | C9: =COUNTIF(Sheet1!L:L,Sheet3!A9) -> 0 | D9: Tổ cậu
A10: 60005 | B10: x | C10: =COUNTIF(Sheet1!L:L,Sheet3!A10) -> 0 | D10: Ngành 1
A11: 60006 | B11: x | C11: =COUNTIF(Sheet1!L:L,Sheet3!A11) -> 0 | D11: Ngành 2
A12: 60001 | B12: x | C12: =COUNTIF(Sheet1!L:L,Sheet3!A12) -> 1
A13: 60002 | B13: x | C13: =COUNTIF(Sheet1!L:L,Sheet3!A13) -> 1
A14: 60003 | B14: x | C14: =COUNTIF(Sheet1!L:L,Sheet3!A14) -> 1
A15: 60004 | B15: x | C15: =COUNTIF(Sheet1!L:L,Sheet3!A15) -> 1
A16: 70001 | B16: x | C16: =COUNTIF(Sheet1!L:L,Sheet3!A16) -> 1
A17: 70002 | B17: x | C17: =COUNTIF(Sheet1!L:L,Sheet3!A17) -> 1
A18: 70003 | B18: x | C18: =COUNTIF(Sheet1!L:L,Sheet3!A18) -> 1
A19: 80002 | B19: x | C19: =COUNTIF(Sheet1!L:L,Sheet3!A19) -> 1
A20: 80001 | B20: x | C20: =COUNTIF(Sheet1!L:L,Sheet3!A20) -> 1
A21: 80003 | B21: x | C21: =COUNTIF(Sheet1!L:L,Sheet3!A21) -> 1
A22: 80004 | B22: x | C22: =COUNTIF(Sheet1!L:L,Sheet3!A22) -> 0 | D22: Phái 4
A23: 90001 | B23: x | C23: =COUNTIF(Sheet1!L:L,Sheet3!A23) -> 1
A24: 90002 | B24: x | C24: =COUNTIF(Sheet1!L:L,Sheet3!A24) -> 0 | D24: Phái 1
A25: 90003 | B25: x | C25: =COUNTIF(Sheet1!L:L,Sheet3!A25) -> 0 | D25: Phái 2
A26: 100001 | B26: x | C26: =COUNTIF(Sheet1!L:L,Sheet3!A26) -> 1
A27: 100002 | B27: x | C27: =COUNTIF(Sheet1!L:L,Sheet3!A27) -> 2
A28: 100003 | B28: x | C28: =COUNTIF(Sheet1!L:L,Sheet3!A28) -> 1
A29: 110001 | B29: x | C29: =COUNTIF(Sheet1!L:L,Sheet3!A29) -> 2
A30: 110002 | B30: x | C30: =COUNTIF(Sheet1!L:L,Sheet3!A30) -> 1
A31: 110003 | B31: x | C31: =COUNTIF(Sheet1!L:L,Sheet3!A31) -> 1
A32: 110004 | B32: x | C32: =COUNTIF(Sheet1!L:L,Sheet3!A32) -> 1
A33: 110005 | B33: x | C33: =COUNTIF(Sheet1!L:L,Sheet3!A33) -> 1
A34: 110006 | B34: x | C34: =COUNTIF(Sheet1!L:L,Sheet3!A34) -> 2
A35: 110007 | B35: x | C35: =COUNTIF(Sheet1!L:L,Sheet3!A35) -> 1
A36: 110008 | B36: x | C36: =COUNTIF(Sheet1!L:L,Sheet3!A36) -> 2
A37: 120001 | B37: x | C37: =COUNTIF(Sheet1!L:L,Sheet3!A37) -> 2
... A47: 130005 | B47: x | C47: =COUNTIF(Sheet1!L:L,Sheet3!A47) -> 1
A48: 130006 | B48: x | C48: =COUNTIF(Sheet1!L:L,Sheet3!A48) -> 0 | D48: Tảo hóa
A49: 130007 | B49: x | C49: =COUNTIF(Sheet1!L:L,Sheet3!A49) -> 1
A50: 130008 | B50: x | C50: =COUNTIF(Sheet1!L:L,Sheet3!A50) -> 1
A51: 130009 | B51: x | C51: =COUNTIF(Sheet1!L:L,Sheet3!A51) -> 1
A52: 130010 | B52: x | C52: =COUNTIF(Sheet1!L:L,Sheet3!A52) -> 2
A53: 140001 | B53: x | C53: =COUNTIF(Sheet1!L:L,Sheet3!A53) -> 2
A54: 140002 | B54: x | C54: =COUNTIF(Sheet1!L:L,Sheet3!A54) -> 1
A55: 140003 | B55: x | C55: =COUNTIF(Sheet1!L:L,Sheet3!A55) -> 1
A56: 140004 | B56: x | C56: =COUNTIF(Sheet1!L:L,Sheet3!A56) -> 1
A57: 140005 | B57: x | C57: =COUNTIF(Sheet1!L:L,Sheet3!A57) -> 1
A58: 140006 | B58: x | C58: =COUNTIF(Sheet1!L:L,Sheet3!A58) -> 1
A59: 140007 | B59: x | C59: =COUNTIF(Sheet1!L:L,Sheet3!A59) -> 1
A60: 140008 | B60: x | C60: =COUNTIF(Sheet1!L:L,Sheet3!A60) -> 1
... A65: 140012 | B65: x | C65: =COUNTIF(Sheet1!L:L,Sheet3!A65) -> 1
A66: 140013 | B66: x | C66: =COUNTIF(Sheet1!L:L,Sheet3!A66) -> 0 | D66: Ông Trà
A67: 150001 | B67: x | C67: =COUNTIF(Sheet1!L:L,Sheet3!A67) -> 1
A68: 150002 | B68: x | C68: =COUNTIF(Sheet1!L:L,Sheet3!A68) -> 1
A69: 150003 | B69: x | C69: =COUNTIF(Sheet1!L:L,Sheet3!A69) -> 1
A70: 150004 | B70: x | C70: =COUNTIF(Sheet1!L:L,Sheet3!A70) -> 1
A71: 150005 | B71: x | C71: =COUNTIF(Sheet1!L:L,Sheet3!A71) -> 1
A72: 150006 | B72: x | C72: =COUNTIF(Sheet1!L:L,Sheet3!A72) -> 1
A73: 150007 | B73: x | C73: =COUNTIF(Sheet1!L:L,Sheet3!A73) -> 1
A74: 150008 | B74: x | C74: =COUNTIF(Sheet1!L:L,Sheet3!A74) -> 1
A75: 150009 | B75: x | C75: =COUNTIF(Sheet1!L:L,Sheet3!A75) -> 2
A76: 150010 | B76: x | C76: =COUNTIF(Sheet1!L:L,Sheet3!A76) -> 0 | D76: Liệt sỹ
A77: 150011 | B77: x | C77: =COUNTIF(Sheet1!L:L,Sheet3!A77) -> 1
A78: 150012 | B78: x | C78: =COUNTIF(Sheet1!L:L,Sheet3!A78) -> 1
A79: 150013 | B79: x | C79: =COUNTIF(Sheet1!L:L,Sheet3!A79) -> 1
A80: 150014 | B80: x | C80: =COUNTIF(Sheet1!L:L,Sheet3!A80) -> 0 | D80: Tảo hóa
A81: 150015 | B81: x | C81: =COUNTIF(Sheet1!L:L,Sheet3!A81) -> 1
A82: 150016 | B82: x | C82: =COUNTIF(Sheet1!L:L,Sheet3!A82) -> 1
A83: 150017 | B83: x | C83: =COUNTIF(Sheet1!L:L,Sheet3!A83) -> 1
A84: 150020 | B84: x | C84: =COUNTIF(Sheet1!L:L,Sheet3!A84) -> 1
A85: 150021 | B85: x | C85: =COUNTIF(Sheet1!L:L,Sheet3!A85) -> 1
A86: 150022 | B86: x | C86: =COUNTIF(Sheet1!L:L,Sheet3!A86) -> 1
A87: 150023 | B87: x | C87: =COUNTIF(Sheet1!L:L,Sheet3!A87) -> 1
A88: 150024 | B88: x | C88: =COUNTIF(Sheet1!L:L,Sheet3!A88) -> 1
A89: 150025 | B89: x | C89: =COUNTIF(Sheet1!L:L,Sheet3!A89) -> 0 | D89: Liệt sỹ
A90: 150018 | B90: x | C90: =COUNTIF(Sheet1!L:L,Sheet3!A90) -> 0 | D90: Tảo hóa
A91: 150019 | B91: x | C91: =COUNTIF(Sheet1!L:L,Sheet3!A91) -> 1
A92: 160001 | B92: x | C92: =COUNTIF(Sheet1!L:L,Sheet3!A92) -> 1
A93: 160002 | B93: x | C93: =COUNTIF(Sheet1!L:L,Sheet3!A93) -> 1
A94: 160003 | B94: x | C94: =COUNTIF(Sheet1!L:L,Sheet3!A94) -> 1
A95: 160004 | B95: x | C95: =COUNTIF(Sheet1!L:L,Sheet3!A95) -> 1
A96: 160005 | B96: x | C96: =COUNTIF(Sheet1!L:L,Sheet3!A96) -> 1
A97: 160006 | B97: x | C97: =COUNTIF(Sheet1!L:L,Sheet3!A97) -> 1
A98: 160007 | B98: x | C98: =COUNTIF(Sheet1!L:L,Sheet3!A98) -> 1
A99: 160008 | B99: x | C99: =COUNTIF(Sheet1!L:L,Sheet3!A99) -> 1
A100: 160009 | B100: x | C100: =COUNTIF(Sheet1!L:L,Sheet3!A100) -> 0 | D100: Tảo hóa
A101: 160010 | B101: x | C101: =COUNTIF(Sheet1!L:L,Sheet3!A101) -> 1
A102: 160011 | B102: x | C102: =COUNTIF(Sheet1!L:L,Sheet3!A102) -> 2
A103: 160040 | B103: x | C103: =COUNTIF(Sheet1!L:L,Sheet3!A103) -> 0 | D103: Tảo hóa
A104: 160012 | B104: x | C104: =COUNTIF(Sheet1!L:L,Sheet3!A104) -> 0
A105: 160013 | B105: x | C105: =COUNTIF(Sheet1!L:L,Sheet3!A105) -> 1
A106: 160014 | B106: x | C106: =COUNTIF(Sheet1!L:L,Sheet3!A106) -> 0
A107: 160043 | B107: x | C107: =COUNTIF(Sheet1!L:L,Sheet3!A107) -> 0
A108: 160015 | B108: x | C108: =COUNTIF(Sheet1!L:L,Sheet3!A108) -> 1
A109: 160016 | B109: x | C109: =COUNTIF(Sheet1!L:L,Sheet3!A109) -> 1
A110: 160017 | B110: x | C110: =COUNTIF(Sheet1!L:L,Sheet3!A110) -> 1
A111: 160041 | B111: x | C111: =COUNTIF(Sheet1!L:L,Sheet3!A111) -> 0
A112: 160018 | B112: x | C112: =COUNTIF(Sheet1!L:L,Sheet3!A112) -> 1
A113: 160019 | B113: x | C113: =COUNTIF(Sheet1!L:L,Sheet3!A113) -> 1
...
